sample_id	library_id	longread_filename	forward_filename	reverse_filename	forward_adapter	reverse_adapter	assembly_ids
T12-D	lib1	reads/T12-D.ONT.fastq.gz	NA	NA	NA	NA	FS
T14-D	lib1	reads/T14-D.ONT.fastq.gz	NA	NA	NA	NA	LPMS
T19-D	lib1	reads/T19-D.ONT.fastq.gz	NA	NA	NA	NA	CTRL
T20-D	lib1	reads/T20-D.ONT.fastq.gz	NA	NA	NA	NA	CPMS
T10-D	lib1	NA	reads/T10-D.lib1_1.fq.gz	reads/T10-D.lib1_2.fq.gz	CTGTCTCTTATACACATCTCCGAGCCCACGAGAC	CTGTCTCTTATACACATCTGACGCTGCCGACGA	CPMS
T11-D	lib1	NA	reads/T11-D.lib1_1.fq.gz	reads/T11-D.lib1_2.fq.gz	CTGTCTCTTATACACATCTCCGAGCCCACGAGAC	CTGTCTCTTATACACATCTGACGCTGCCGACGA	CTRL
T12-D	lib1	NA	reads/T12-D.lib1_1.fq.gz	reads/T12-D.lib1_2.fq.gz	CTGTCTCTTATACACATCTCCGAGCCCACGAGAC	CTGTCTCTTATACACATCTGACGCTGCCGACGA	FS
T13-D	lib1	NA	reads/T13-D.lib1_1.fq.gz	reads/T13-D.lib1_2.fq.gz	CTGTCTCTTATACACATCTCCGAGCCCACGAGAC	CTGTCTCTTATACACATCTGACGCTGCCGACGA	CPMS
T14-D	lib1	NA	reads/T14-D.lib1_1.fq.gz	reads/T14-D.lib1_2.fq.gz	CTGTCTCTTATACACATCTCCGAGCCCACGAGAC	CTGTCTCTTATACACATCTGACGCTGCCGACGA	LPMS
T15-D	lib1	NA	reads/T15-D.lib1_1.fq.gz	reads/T15-D.lib1_2.fq.gz	CTGTCTCTTATACACATCTCCGAGCCCACGAGAC	CTGTCTCTTATACACATCTGACGCTGCCGACGA	FS
T16-D	lib1	NA	reads/T16-D.lib1_1.fq.gz	reads/T16-D.lib1_2.fq.gz	CTGTCTCTTATACACATCTCCGAGCCCACGAGAC	CTGTCTCTTATACACATCTGACGCTGCCGACGA	CTRL
T17-D	lib1	NA	reads/T17-D.lib1_1.fq.gz	reads/T17-D.lib1_2.fq.gz	CTGTCTCTTATACACATCTCCGAGCCCACGAGAC	CTGTCTCTTATACACATCTGACGCTGCCGACGA	LPMS
T18-D	lib1	NA	reads/T18-D.lib1_1.fq.gz	reads/T18-D.lib1_2.fq.gz	CTGTCTCTTATACACATCTCCGAGCCCACGAGAC	CTGTCTCTTATACACATCTGACGCTGCCGACGA	FS
T19-D	lib1	NA	reads/T19-D.lib1_1.fq.gz	reads/T19-D.lib1_2.fq.gz	CTGTCTCTTATACACATCTCCGAGCCCACGAGAC	CTGTCTCTTATACACATCTGACGCTGCCGACGA	CTRL
T1-D	lib1	NA	reads/T1-D.lib1_1.fq.gz	reads/T1-D.lib1_2.fq.gz	CTGTCTCTTATACACATCTCCGAGCCCACGAGAC	CTGTCTCTTATACACATCTGACGCTGCCGACGA	FS
T20-D	lib1	NA	reads/T20-D.lib1_1.fq.gz	reads/T20-D.lib1_2.fq.gz	CTGTCTCTTATACACATCTCCGAGCCCACGAGAC	CTGTCTCTTATACACATCTGACGCTGCCGACGA	CPMS
T2-D	lib1	NA	reads/T2-D.lib1_1.fq.gz	reads/T2-D.lib1_2.fq.gz	CTGTCTCTTATACACATCTCCGAGCCCACGAGAC	CTGTCTCTTATACACATCTGACGCTGCCGACGA	CTRL
T3-D	lib1	NA	reads/T3-D.lib1_1.fq.gz	reads/T3-D.lib1_2.fq.gz	CTGTCTCTTATACACATCTCCGAGCCCACGAGAC	CTGTCTCTTATACACATCTGACGCTGCCGACGA	CPMS
T4-D	lib1	NA	reads/T4-D.lib1_1.fq.gz	reads/T4-D.lib1_2.fq.gz	CTGTCTCTTATACACATCTCCGAGCCCACGAGAC	CTGTCTCTTATACACATCTGACGCTGCCGACGA	LPMS
T5-D	lib1	NA	reads/T5-D.lib1_1.fq.gz	reads/T5-D.lib1_2.fq.gz	CTGTCTCTTATACACATCTCCGAGCCCACGAGAC	CTGTCTCTTATACACATCTGACGCTGCCGACGA	CPMS
T6-D	lib1	NA	reads/T6-D.lib1_1.fq.gz	reads/T6-D.lib1_2.fq.gz	CTGTCTCTTATACACATCTCCGAGCCCACGAGAC	CTGTCTCTTATACACATCTGACGCTGCCGACGA	FS
T7-D	lib1	NA	reads/T7-D.lib1_1.fq.gz	reads/T7-D.lib1_2.fq.gz	CTGTCTCTTATACACATCTCCGAGCCCACGAGAC	CTGTCTCTTATACACATCTGACGCTGCCGACGA	LPMS
T8-D	lib1	NA	reads/T8-D.lib1_1.fq.gz	reads/T8-D.lib1_2.fq.gz	CTGTCTCTTATACACATCTCCGAGCCCACGAGAC	CTGTCTCTTATACACATCTGACGCTGCCGACGA	CTRL
T9-D	lib1	NA	reads/T9-D.lib1_1.fq.gz	reads/T9-D.lib1_2.fq.gz	CTGTCTCTTATACACATCTCCGAGCCCACGAGAC	CTGTCTCTTATACACATCTGACGCTGCCGACGA	LPMS
